{
  "IcoMoonType": "selection",
  "icons": [
    {
      "icon": {
        "paths": [
          "M542.299 571.75c-3.967 3.999-8.685 7.173-13.885 9.34s-10.776 3.281-16.408 3.281c-5.633 0-11.21-1.116-16.409-3.281s-9.918-5.341-13.885-9.34l-195.413-195.84c-3.967-3.999-8.685-7.173-13.885-9.34s-10.776-3.281-16.409-3.281c-5.633 0-11.209 1.115-16.408 3.281s-9.919 5.34-13.885 9.34c-7.947 7.994-12.407 18.808-12.407 30.080s4.46 22.086 12.407 30.080l195.84 195.84c24 23.969 56.533 37.434 90.454 37.434s66.453-13.466 90.453-37.434l195.839-195.84c7.885-7.948 12.326-18.673 12.378-29.867 0.032-5.615-1.050-11.181-3.168-16.38-2.125-5.198-5.254-9.926-9.21-13.913-3.968-3.999-8.685-7.173-13.882-9.34-5.203-2.166-10.778-3.281-16.41-3.281s-11.213 1.115-16.41 3.281c-5.197 2.166-9.92 5.34-13.882 9.34l-195.416 195.84z"
        ],
        "attrs": [
          {
            "fill": "rgb(253, 146, 34)"
          }
        ],
        "isMulticolor": false,
        "isMulticolor2": false,
        "grid": 0,
        "tags": [
          "pointr"
        ]
      },
      "attrs": [
        {
          "fill": "rgb(253, 146, 34)"
        }
      ],
      "properties": {
        "order": 35,
        "id": 0,
        "name": "pointr",
        "prevSize": 32
      },
      "setIdx": 0,
      "setId": 5,
      "iconIdx": 0
    }
  ],
  "height": 1024,
  "preferences": {
    "showGlyphs": true,
    "showQuickUse": true,
    "showQuickUse2": true,
    "showSVGs": true,
    "fontPref": {
      "prefix": "icon-",
      "metadata": {
        "fontFamily": "icomoon"
      },
      "metrics": {
        "emSize": 1024,
        "baseline": 6.25,
        "whitespace": 50
      },
      "embed": false
    },
    "imagePref": {
      "prefix": "",
      "png": true,
      "useClassSelector": true,
      "color": 0,
      "bgColor": 16777215,
      "classSelector": ".icon",
      "name": "icomoon",
      "height": 24,
      "columns": 16,
      "margin": 16,
      "addBgColor": false,
      "overrideSize": false
    },
    "historySize": 50,
    "showCodes": true,
    "gridSize": 16,
    "showGrid": true
  }
}