{
  "IcoMoonType": "selection",
  "icons": [
    {
      "icon": {
        "paths": [
          "M725.336 298.67l-426.666 426.666M298.67 298.67l426.666 426.666"
        ],
        "attrs": [
          {
            "fill": "none",
            "stroke": "rgb(255, 255, 255)",
            "strokeLinejoin": "round",
            "strokeLinecap": "round",
            "strokeMiterlimit": "4",
            "strokeWidth": 73.14285714285714
          }
        ],
        "isMulticolor": false,
        "isMulticolor2": false,
        "grid": 0,
        "tags": [
          "close"
        ],
        "colorPermutations": {
          "25224122412531463412552552551": [
            {
              "s": 2
            }
          ]
        }
      },
      "attrs": [
        {
          "fill": "none",
          "stroke": "rgb(255, 255, 255)",
          "strokeLinejoin": "round",
          "strokeLinecap": "round",
          "strokeMiterlimit": "4",
          "strokeWidth": 73.14285714285714
        }
      ],
      "properties": {
        "order": 34,
        "id": 4,
        "name": "close",
        "prevSize": 32
      },
      "setIdx": 0,
      "setId": 4,
      "iconIdx": 0
    },
    {
      "icon": {
        "paths": [
          "M725.341 85.329h-426.667c-117.821 0-213.333 95.513-213.333 213.333v426.669c0 117.821 95.512 213.332 213.333 213.332h426.667c117.821 0 213.332-95.511 213.332-213.332v-426.669c0-117.821-95.511-213.333-213.332-213.333z",
          "M682.668 485.12c5.269 35.51-0.801 71.778-17.334 103.638-16.533 31.865-42.691 57.702-74.757 73.844-32.065 16.137-68.403 21.755-103.843 16.054-35.442-5.706-68.183-22.44-93.566-47.821s-42.117-58.126-47.819-93.566c-5.703-35.44-0.086-71.778 16.054-103.844s41.978-58.225 73.842-74.758c31.862-16.533 68.13-22.598 103.64-17.333 36.217 5.371 69.753 22.249 95.642 48.141 25.893 25.892 42.771 59.425 48.142 95.644z",
          "M746.659 277.329h0.465"
        ],
        "attrs": [
          {
            "fill": "none",
            "strokeLinejoin": "round",
            "strokeLinecap": "round",
            "strokeMiterlimit": "4",
            "strokeWidth": 69.81818181818181
          },
          {
            "fill": "none",
            "strokeLinejoin": "round",
            "strokeLinecap": "round",
            "strokeMiterlimit": "4",
            "strokeWidth": 69.81818181818181
          },
          {
            "fill": "none",
            "strokeLinejoin": "round",
            "strokeLinecap": "round",
            "strokeMiterlimit": "4",
            "strokeWidth": 69.81818181818181
          }
        ],
        "isMulticolor": false,
        "isMulticolor2": false,
        "grid": 0,
        "tags": [
          "instagram"
        ],
        "colorPermutations": {
          "25224122412531463412552552551": [
            {
              "s": 0
            },
            {
              "s": 0
            },
            {
              "s": 0
            }
          ]
        }
      },
      "attrs": [
        {
          "fill": "none",
          "strokeLinejoin": "round",
          "strokeLinecap": "round",
          "strokeMiterlimit": "4",
          "strokeWidth": 69.81818181818181
        },
        {
          "fill": "none",
          "strokeLinejoin": "round",
          "strokeLinecap": "round",
          "strokeMiterlimit": "4",
          "strokeWidth": 69.81818181818181
        },
        {
          "fill": "none",
          "strokeLinejoin": "round",
          "strokeLinecap": "round",
          "strokeMiterlimit": "4",
          "strokeWidth": 69.81818181818181
        }
      ],
      "properties": {
        "order": 30,
        "id": 3,
        "name": "instagram",
        "prevSize": 32
      },
      "setIdx": 0,
      "setId": 4,
      "iconIdx": 1
    },
    {
      "icon": {
        "paths": [
          "M126.202 642.423l344.859-557.578 20.479-21.571 263.543 175.717 1.804 106.038 64.322 104.946-284.15 450.452-410.857-258.004z",
          "M692.317 764.148l-453.938-283.654M363.559 275.158l453.935 283.654M340.168 827.655l375.54-616.008M869.654 473.252c-97.27-60.783-135.475-108.285-72.889-210.953l-308.029-192.478-375.536 616.010 453.936 283.653 302.519-496.232z"
        ],
        "attrs": [
          {
            "fill": "rgb(252, 241, 224)"
          },
          {
            "fill": "none",
            "stroke": "rgb(253, 146, 34)",
            "strokeLinejoin": "round",
            "strokeLinecap": "round",
            "strokeMiterlimit": "4",
            "strokeWidth": 87.77142857142857
          }
        ],
        "isMulticolor": false,
        "isMulticolor2": true,
        "grid": 0,
        "tags": [
          "logo-chocolate"
        ],
        "colorPermutations": {
          "25224122412531463412552552551": [
            {
              "f": 1
            },
            {
              "s": 0
            }
          ]
        }
      },
      "attrs": [
        {
          "fill": "rgb(252, 241, 224)"
        },
        {
          "fill": "none",
          "stroke": "rgb(253, 146, 34)",
          "strokeLinejoin": "round",
          "strokeLinecap": "round",
          "strokeMiterlimit": "4",
          "strokeWidth": 87.77142857142857
        }
      ],
      "properties": {
        "order": 31,
        "id": 2,
        "name": "logo-chocolate",
        "prevSize": 32
      },
      "setIdx": 0,
      "setId": 4,
      "iconIdx": 2
    },
    {
      "icon": {
        "paths": [
          "M128 512h768M128 256h768M128 768h768"
        ],
        "attrs": [
          {
            "fill": "none",
            "strokeLinejoin": "round",
            "strokeLinecap": "round",
            "strokeMiterlimit": "4",
            "strokeWidth": 73.14285714285714
          }
        ],
        "isMulticolor": false,
        "isMulticolor2": false,
        "grid": 0,
        "tags": [
          "menu"
        ],
        "colorPermutations": {
          "25224122412531463412552552551": [
            {
              "s": 0
            }
          ]
        }
      },
      "attrs": [
        {
          "fill": "none",
          "strokeLinejoin": "round",
          "strokeLinecap": "round",
          "strokeMiterlimit": "4",
          "strokeWidth": 73.14285714285714
        }
      ],
      "properties": {
        "order": 32,
        "id": 1,
        "name": "menu",
        "prevSize": 32
      },
      "setIdx": 0,
      "setId": 4,
      "iconIdx": 3
    },
    {
      "icon": {
        "paths": [
          "M981.34 128.004c-40.858 28.82-86.093 50.863-133.97 65.28-25.697-29.546-59.848-50.488-97.833-59.993-37.99-9.505-77.978-7.114-114.56 6.849s-67.994 38.824-89.989 71.222c-21.99 32.397-33.505 70.768-32.978 109.921v42.666c-74.983 1.945-149.281-14.685-216.279-48.408s-124.616-100.561-167.723-161.943c0 0-170.667 401.070 213.334 571.735-87.871 59.648-192.548 89.559-298.667 85.335 384 213.335 853.335 0 853.335-490.666-0.041-11.885-1.183-23.74-3.415-35.414 43.546-42.944 74.276-97.164 88.745-156.586z"
        ],
        "attrs": [
          {
            "fill": "none",
            "strokeLinejoin": "round",
            "strokeLinecap": "round",
            "strokeMiterlimit": "4",
            "strokeWidth": 76.80000000000001
          }
        ],
        "isMulticolor": false,
        "isMulticolor2": false,
        "grid": 0,
        "tags": [
          "twitter"
        ],
        "colorPermutations": {
          "25224122412531463412552552551": [
            {
              "s": 0
            }
          ]
        }
      },
      "attrs": [
        {
          "fill": "none",
          "strokeLinejoin": "round",
          "strokeLinecap": "round",
          "strokeMiterlimit": "4",
          "strokeWidth": 76.80000000000001
        }
      ],
      "properties": {
        "order": 33,
        "id": 0,
        "name": "twitter",
        "prevSize": 32
      },
      "setIdx": 0,
      "setId": 4,
      "iconIdx": 4
    }
  ],
  "height": 1024,
  "preferences": {
    "showGlyphs": true,
    "showQuickUse": true,
    "showQuickUse2": true,
    "showSVGs": true,
    "fontPref": {
      "prefix": "icon-",
      "metadata": {
        "fontFamily": "icomoon"
      },
      "metrics": {
        "emSize": 1024,
        "baseline": 6.25,
        "whitespace": 50
      },
      "embed": false
    },
    "imagePref": {
      "prefix": "",
      "png": true,
      "useClassSelector": true,
      "color": 0,
      "bgColor": 16777215,
      "classSelector": ".icon",
      "name": "icomoon",
      "height": 24,
      "columns": 16,
      "margin": 16,
      "addBgColor": false,
      "overrideSize": false
    },
    "historySize": 50,
    "showCodes": true,
    "gridSize": 16,
    "showGrid": true
  }
}